{
    "cv_scores": [
        0.9316069443298853,
        0.7268762323922562,
        0.6754607477119979,
        0.7347433170072066,
        0.8103488582670685
    ],
    "mean_cv_auc": 0.7758072199416829,
    "std_cv_auc": 0.08901300922152758,
    "validation_metrics": {
        "accuracy": 0.7309864231647243,
        "precision": 0.6933680502374023,
        "recall": 0.9502518891687658,
        "f1": 0.8017355884176038,
        "auc": 0.613403413821324
    },
    "test_metrics": {
        "accuracy": 0.6518714011516314,
        "precision": 0.6654810599324205,
        "recall": 0.7856393029603191,
        "f1": 0.7205854034276912,
        "auc": 0.6478321824771236
    },
    "patient_metrics": {
        "accuracy": 0.7142857142857143,
        "precision": 0.6666666666666666,
        "recall": 1.0,
        "f1": 0.8,
        "auc": 0.8333333333333334
    }
}