{
    "accuracy": 0.9063981042654028,
    "precision": 0.9108695652173913,
    "recall": 0.9168490153172867,
    "f1": 0.9138495092693566,
    "auc": 0.9630948948032048
}