{
    "accuracy": 0.5322916666666667,
    "precision": 0.5167930660888408,
    "recall": 0.99375,
    "f1": 0.6799714896650035,
    "auc": 0.6349739583333334
}