{
    "train": {
        "accuracy": 0.9972288202692003,
        "precision": 0.9969834087481146,
        "recall": 0.9977358490566037,
        "f1": 0.997359486986043,
        "auc": 0.9999773773427805
    },
    "validation": {
        "accuracy": 0.6498237367802585,
        "precision": 0.6213333333333333,
        "recall": 0.9708333333333333,
        "f1": 0.7577235772357723,
        "auc": 0.6548180592991913
    },
    "test": {
        "accuracy": 0.8083333333333333,
        "precision": 0.7823008849557522,
        "recall": 0.9208333333333333,
        "f1": 0.845933014354067,
        "auc": 0.9236950231481481
    },
    "patient": {
        "accuracy": 0.8571428571428571,
        "precision": 0.8,
        "recall": 1.0,
        "f1": 0.8888888888888888,
        "auc": 1.0
    }
}